from,to
Asia,Southern Asia
Europe,Northern Europe
Europe,Southern Europe
Africa,Northern Africa
Oceania,Polynesia
Europe,Southern Europe
Africa,Middle Africa
North America,Caribbean
Antarctica,Antarctica
North America,Caribbean
South America,South America
Asia,Western Asia
North America,Caribbean
Oceania,Australia and New Zealand
Europe,Western Europe
Asia,Western Asia
North America,Caribbean
Asia,Western Asia
Asia,Southern Asia
North America,Caribbean
Europe,Eastern Europe
Europe,Western Europe
North America,Central America
Africa,Western Africa
North America,Northern America
Asia,Southern Asia
South America,South America
North America,Caribbean
Europe,Southern Europe
Africa,Southern Africa
South America,South America
South America,South America
Africa,Eastern Africa
North America,Caribbean
Asia,South-eastern Asia
Europe,Eastern Europe
Africa,Western Africa
Africa,Eastern Africa
Africa,Western Africa
Asia,South-eastern Asia
Africa,Middle Africa
North America,Northern America
North America,Caribbean
Africa,Middle Africa
Africa,Middle Africa
South America,South America
Asia,Eastern Asia
Asia,Eastern Asia
Asia,Eastern Asia
Oceania,Australia and New Zealand
Oceania,Australia and New Zealand
South America,South America
Africa,Eastern Africa
Africa,Middle Africa
Oceania,Polynesia
North America,Central America
Africa,Western Africa
Europe,Southern Europe
North America,Caribbean
North America,Caribbean
Asia,Western Asia
Europe,Eastern Europe
Asia,Eastern Asia
Africa,Middle Africa
Europe,Northern Europe
Africa,Eastern Africa
North America,Caribbean
North America,Caribbean
South America,South America
Africa,Northern Africa
North America,Central America
Africa,Middle Africa
Africa,Eastern Africa
Europe,Northern Europe
Africa,Southern Africa
Africa,Eastern Africa
South America,South America
Europe,Northern Europe
Oceania,Melanesia
Europe,Northern Europe
Europe,Western Europe
South America,South America
Oceania,Polynesia
Africa,Eastern Africa
Africa,Middle Africa
Africa,Western Africa
Asia,Western Asia
Europe,Western Europe
Africa,Western Africa
Europe,Southern Europe
Europe,Southern Europe
North America,Northern America
North America,Caribbean
North America,Caribbean
Oceania,Micronesia
North America,Central America
Europe,Northern Europe
Africa,Western Africa
Africa,Western Africa
South America,South America
North America,Caribbean
Oceania,Australia and New Zealand
Europe,Southern Europe
North America,Central America
Europe,Eastern Europe
Europe,Northern Europe
Asia,Southern Asia
Asia,South-eastern Asia
Asia,Southern Asia
Asia,Western Asia
Europe,Northern Europe
Europe,Northern Europe
Asia,Western Asia
Europe,Southern Europe
North America,Caribbean
Asia,Eastern Asia
Europe,Northern Europe
Asia,Western Asia
Asia,Central Asia
Africa,Eastern Africa
Oceania,Micronesia
Asia,Western Asia
Asia,Central Asia
Asia,South-eastern Asia
Europe,Northern Europe
Asia,Western Asia
Africa,Southern Africa
Africa,Western Africa
Africa,Northern Africa
Europe,Western Europe
Europe,Northern Europe
Europe,Western Europe
Africa,Eastern Africa
Africa,Eastern Africa
Asia,South-eastern Asia
Asia,Southern Asia
Africa,Western Africa
Europe,Southern Europe
Oceania,Micronesia
North America,Caribbean
Africa,Western Africa
Africa,Eastern Africa
Africa,Eastern Africa
North America,Central America
Oceania,Micronesia
Europe,Western Europe
Asia,Eastern Asia
Europe,Southern Europe
North America,Caribbean
Africa,Northern Africa
Africa,Eastern Africa
Asia,South-eastern Asia
Africa,Southern Africa
Oceania,Micronesia
Asia,Southern Asia
Europe,Western Europe
Oceania,Melanesia
Oceania,Australia and New Zealand
North America,Central America
Africa,Western Africa
Africa,Western Africa
Oceania,Polynesia
Oceania,Australia and New Zealand
Europe,Southern Europe
Oceania,Micronesia
Europe,Northern Europe
Asia,Western Asia
Asia,Southern Asia
Oceania,Micronesia
North America,Central America
Oceania,Melanesia
South America,South America
South America,South America
Asia,South-eastern Asia
Oceania,Polynesia
Europe,Eastern Europe
Europe,Southern Europe
North America,Caribbean
Asia,Western Asia
Asia,Eastern Asia
Europe,Eastern Europe
Africa,Eastern Africa
Europe,Eastern Europe
Europe,Eastern Europe
Africa,Eastern Africa
North America,Caribbean
Africa,Western Africa
North America,Caribbean
North America,Caribbean
North America,Caribbean
North America,Northern America
North America,Caribbean
Oceania,Polynesia
Europe,Southern Europe
Africa,Middle Africa
Europe,Northern Europe
Asia,Western Asia
Africa,Western Africa
Europe,Southern Europe
Africa,Eastern Africa
Africa,Western Africa
Asia,South-eastern Asia
North America,Caribbean
Europe,Eastern Europe
Europe,Southern Europe
Oceania,Melanesia
Africa,Eastern Africa
Africa,Southern Africa
South America,South America
Africa,Eastern Africa
Europe,Southern Europe
Asia,Southern Asia
Asia,Western Asia
Africa,Northern Africa
South America,South America
Europe,Northern Europe
Europe,Northern Europe
Europe,Western Europe
Asia,Western Asia
Asia,Central Asia
Asia,South-eastern Asia
Asia,South-eastern Asia
Africa,Western Africa
Oceania,Polynesia
Oceania,Polynesia
North America,Caribbean
Africa,Northern Africa
Asia,Western Asia
Asia,Central Asia
North America,Caribbean
Oceania,Polynesia
Africa,Eastern Africa
Europe,Eastern Europe
Asia,Western Asia
Europe,Northern Europe
Africa,Eastern Africa
Oceania,Micronesia
North America,Northern America
North America,Caribbean
South America,South America
Asia,Central Asia
Oceania,Melanesia
South America,South America
Asia,South-eastern Asia
Oceania,Polynesia
Africa,Northern Africa
Asia,Western Asia
Africa,Eastern Africa
Africa,Eastern Africa
Southern Asia,Afghanistan
Northern Europe,Åland Islands
Southern Europe,Albania
Northern Africa,Algeria
Polynesia,American Samoa
Southern Europe,Andorra
Middle Africa,Angola
Caribbean,Anguilla
Antarctica,Antarctica
Caribbean,Antigua and Barbuda
South America,Argentina
Western Asia,Armenia
Caribbean,Aruba
Australia and New Zealand,Australia
Western Europe,Austria
Western Asia,Azerbaijan
Caribbean,Bahamas
Western Asia,Bahrain
Southern Asia,Bangladesh
Caribbean,Barbados
Eastern Europe,Belarus
Western Europe,Belgium
Central America,Belize
Western Africa,Benin
Northern America,Bermuda
Southern Asia,Bhutan
South America,Bolivia (Plurinational State of)
Caribbean,"Bonaire, Sint Eustatius and Saba"
Southern Europe,Bosnia and Herzegovina
Southern Africa,Botswana
South America,Bouvet Island
South America,Brazil
Eastern Africa,British Indian Ocean Territory
Caribbean,British Virgin Islands
South-eastern Asia,Brunei Darussalam
Eastern Europe,Bulgaria
Western Africa,Burkina Faso
Eastern Africa,Burundi
Western Africa,Cabo Verde
South-eastern Asia,Cambodia
Middle Africa,Cameroon
Northern America,Canada
Caribbean,Cayman Islands
Middle Africa,Central African Republic
Middle Africa,Chad
South America,Chile
Eastern Asia,China
Eastern Asia,"China, Hong Kong Special Administrative Region"
Eastern Asia,"China, Macao Special Administrative Region"
Australia and New Zealand,Christmas Island
Australia and New Zealand,Cocos (Keeling) Islands
South America,Colombia
Eastern Africa,Comoros
Middle Africa,Congo
Polynesia,Cook Islands
Central America,Costa Rica
Western Africa,Côte d’Ivoire
Southern Europe,Croatia
Caribbean,Cuba
Caribbean,Curaçao
Western Asia,Cyprus
Eastern Europe,Czechia
Eastern Asia,Democratic People's Republic of Korea
Middle Africa,Democratic Republic of the Congo
Northern Europe,Denmark
Eastern Africa,Djibouti
Caribbean,Dominica
Caribbean,Dominican Republic
South America,Ecuador
Northern Africa,Egypt
Central America,El Salvador
Middle Africa,Equatorial Guinea
Eastern Africa,Eritrea
Northern Europe,Estonia
Southern Africa,Eswatini
Eastern Africa,Ethiopia
South America,Falkland Islands (Malvinas)
Northern Europe,Faroe Islands
Melanesia,Fiji
Northern Europe,Finland
Western Europe,France
South America,French Guiana
Polynesia,French Polynesia
Eastern Africa,French Southern Territories
Middle Africa,Gabon
Western Africa,Gambia
Western Asia,Georgia
Western Europe,Germany
Western Africa,Ghana
Southern Europe,Gibraltar
Southern Europe,Greece
Northern America,Greenland
Caribbean,Grenada
Caribbean,Guadeloupe
Micronesia,Guam
Central America,Guatemala
Northern Europe,Guernsey
Western Africa,Guinea
Western Africa,Guinea-Bissau
South America,Guyana
Caribbean,Haiti
Australia and New Zealand,Heard Island and McDonald Islands
Southern Europe,Holy See
Central America,Honduras
Eastern Europe,Hungary
Northern Europe,Iceland
Southern Asia,India
South-eastern Asia,Indonesia
Southern Asia,Iran (Islamic Republic of)
Western Asia,Iraq
Northern Europe,Ireland
Northern Europe,Isle of Man
Western Asia,Israel
Southern Europe,Italy
Caribbean,Jamaica
Eastern Asia,Japan
Northern Europe,Jersey
Western Asia,Jordan
Central Asia,Kazakhstan
Eastern Africa,Kenya
Micronesia,Kiribati
Western Asia,Kuwait
Central Asia,Kyrgyzstan
South-eastern Asia,Lao People's Democratic Republic
Northern Europe,Latvia
Western Asia,Lebanon
Southern Africa,Lesotho
Western Africa,Liberia
Northern Africa,Libya
Western Europe,Liechtenstein
Northern Europe,Lithuania
Western Europe,Luxembourg
Eastern Africa,Madagascar
Eastern Africa,Malawi
South-eastern Asia,Malaysia
Southern Asia,Maldives
Western Africa,Mali
Southern Europe,Malta
Micronesia,Marshall Islands
Caribbean,Martinique
Western Africa,Mauritania
Eastern Africa,Mauritius
Eastern Africa,Mayotte
Central America,Mexico
Micronesia,Micronesia (Federated States of)
Western Europe,Monaco
Eastern Asia,Mongolia
Southern Europe,Montenegro
Caribbean,Montserrat
Northern Africa,Morocco
Eastern Africa,Mozambique
South-eastern Asia,Myanmar
Southern Africa,Namibia
Micronesia,Nauru
Southern Asia,Nepal
Western Europe,Netherlands
Melanesia,New Caledonia
Australia and New Zealand,New Zealand
Central America,Nicaragua
Western Africa,Niger
Western Africa,Nigeria
Polynesia,Niue
Australia and New Zealand,Norfolk Island
Southern Europe,North Macedonia
Micronesia,Northern Mariana Islands
Northern Europe,Norway
Western Asia,Oman
Southern Asia,Pakistan
Micronesia,Palau
Central America,Panama
Melanesia,Papua New Guinea
South America,Paraguay
South America,Peru
South-eastern Asia,Philippines
Polynesia,Pitcairn
Eastern Europe,Poland
Southern Europe,Portugal
Caribbean,Puerto Rico
Western Asia,Qatar
Eastern Asia,Republic of Korea
Eastern Europe,Republic of Moldova
Eastern Africa,Réunion
Eastern Europe,Romania
Eastern Europe,Russian Federation
Eastern Africa,Rwanda
Caribbean,Saint Barthélemy
Western Africa,Saint Helena
Caribbean,Saint Kitts and Nevis
Caribbean,Saint Lucia
Caribbean,Saint Martin (French Part)
Northern America,Saint Pierre and Miquelon
Caribbean,Saint Vincent and the Grenadines
Polynesia,Samoa
Southern Europe,San Marino
Middle Africa,Sao Tome and Principe
Northern Europe,Sark
Western Asia,Saudi Arabia
Western Africa,Senegal
Southern Europe,Serbia
Eastern Africa,Seychelles
Western Africa,Sierra Leone
South-eastern Asia,Singapore
Caribbean,Sint Maarten (Dutch part)
Eastern Europe,Slovakia
Southern Europe,Slovenia
Melanesia,Solomon Islands
Eastern Africa,Somalia
Southern Africa,South Africa
South America,South Georgia and the South Sandwich Islands
Eastern Africa,South Sudan
Southern Europe,Spain
Southern Asia,Sri Lanka
Western Asia,State of Palestine
Northern Africa,Sudan
South America,Suriname
Northern Europe,Svalbard and Jan Mayen Islands
Northern Europe,Sweden
Western Europe,Switzerland
Western Asia,Syrian Arab Republic
Central Asia,Tajikistan
South-eastern Asia,Thailand
South-eastern Asia,Timor-Leste
Western Africa,Togo
Polynesia,Tokelau
Polynesia,Tonga
Caribbean,Trinidad and Tobago
Northern Africa,Tunisia
Western Asia,Turkey
Central Asia,Turkmenistan
Caribbean,Turks and Caicos Islands
Polynesia,Tuvalu
Eastern Africa,Uganda
Eastern Europe,Ukraine
Western Asia,United Arab Emirates
Northern Europe,United Kingdom of Great Britain and Northern Ireland
Eastern Africa,United Republic of Tanzania
Micronesia,United States Minor Outlying Islands
Northern America,United States of America
Caribbean,United States Virgin Islands
South America,Uruguay
Central Asia,Uzbekistan
Melanesia,Vanuatu
South America,Venezuela (Bolivarian Republic of)
South-eastern Asia,Viet Nam
Polynesia,Wallis and Futuna Islands
Northern Africa,Western Sahara
Western Asia,Yemen
Eastern Africa,Zambia
Eastern Africa,Zimbabwe
